id,firstName,lastName,age
1,"Emma","Johnson",28
2,"James","Smith",34
3,"Olivia","Martin",22
4,"Michael","Lee",40
5,"Ava","Taylor",26
6,"David","White",32
7,"Isabella","Clark",24
8,"Matthew","Young",38
9,"Charlotte","Williams",29
10,"Lucas","King",36
11,"Sophia","Davis",31
12,"Alexander","Miller",27
13,"Amelia","Garcia",25
14,"Daniel","Martinez",41
15,"Emily","Lopez",35
16,"Ethan","Allen",30
17,"Harper","Wright",23
18,"Henry","Scott",39
19,"Grace","Adams",33
20,"Jack","Harris",42
21,"Chloe","Evans",37
22,"William","Roberts",26
23,"Mia","Walker",28
24,"Jacob","Hall",32
25,"Scarlett","Lopez",24
26,"Liam","Allen",35
27,"Zoe","Carter",29
28,"Oliver","Mitchell",31
29,"Amos","Thomas",27
30,"Natalie","Collins",33
31,"Lily","Roberts",30
32,"Joshua","Young",34
33,"Ella","Green",22
34,"Matthew","Kelly",41
35,"Abigail","Rodriguez",36
36,"Benjamin","Adams",28
37,"Nora","Baker",33
38,"Michael","Cameron",30
39,"Charlotte","Davis",25
40,"James","Martinez",38
41,"Archer","Phillips",40
42,"Sophia","Garcia",22
43,"Elijah","Scott",37
44,"Oliver","Moore",31
45,"Emma","Carter",34
46,"Daniel","Robinson",42
47,"Caroline","King",39
48,"Jacob","Russell",28
49,"Nora","Diaz",26
50,"Matthew","Evans",33
51,"Leah","Sanchez",32
52,"Thomas","Walker",29
53,"Andrew","Green",37
54,"Maya","Taylor",27
55,"Oliver","Carter",38
56,"Lucas","Brown",34
57,"Amelia","Lee",32
58,"Noah","Roberts",28
59,"Madeline","Morris",41
60,"Zane","Young",25
61,"Lillian","White",29
62,"Joseph","Hall",30
63,"Sophie","Lopez",26
64,"Liam","Thomas",38
65,"Ava","Robinson",27
66,"Jack","Scott",36
67,"Elizabeth","Allen",33
68,"Isaiah","Walker",24
69,"Levi","Clark",32
70,"Maya","Johnson",31
71,"Isaac","Martinez",30
72,"Ruby","Thompson",41
73,"Max","Baker",34
74,"Charlotte","Phillips",35
75,"Aidan","Moore",28
76,"Emily","Adams",33
77,"Samuel","Green",29
78,"Layla","Roberts",26
79,"Jack","Johnson",41
80,"Madison","Walker",39
81,"Aiden","Brown",32
82,"Grace","Mitchell",34
83,"Daniel","Green",25
84,"Olivia","Young",38
85,"Layla","White",31
86,"Henry","Baker",32
87,"Emily","Lee",37
88,"Alexander","Moore",30
89,"Harper","Collins",26
90,"Lily","Scott",29
91,"Jackson","Lopez",28
92,"Mila","Robinson",35
93,"David","Williams",39
94,"Aidan","Davis",40
95,"Charlotte","Harris",33
96,"Liam","Martinez",27
97,"Benjamin","Sanchez",30
98,"Emma","Mitchell",22
99,"Leo","Hall",36
100,"Abigail","Moore",29
